{
  "MolWt": 345.22,
  "LogP": 4.059200000000002,
  "TPSA": 64.96,
  "NumHDonors": 2.0,
  "NumHAcceptors": 4.0,
  "NumRotatableBonds": 3.0,
  "NumAromaticRings": 3.0,
  "RingCount": 4.0,
  "FractionCSP3": 0.2727272727272727,
  "BalabanJ": 1.7832950164416208,
  "EState_VSA1": 0.0,
  "EState_VSA2": 16.947747249045623,
  "EState_VSA3": 16.624500759462546,
  "EState_VSA4": 24.433380748999163,
  "EState_VSA5": 16.861420308324305,
  "EState_VSA6": 18.19910120538483,
  "EState_VSA7": 18.19910120538483,
  "EState_VSA8": 10.87799781701181,
  "EState_VSA9": 4.736862953800049,
  "EState_VSA10": 10.213054789681411,
  "EState_VSA11": 0.0,
  "PEOE_VSA1": 14.63020572673476,
  "PEOE_VSA2": 4.794537184071822,
  "PEOE_VSA3": 0.0,
  "PEOE_VSA4": 0.0,
  "PEOE_VSA5": 0.0,
  "PEOE_VSA6": 23.469520014857956,
  "PEOE_VSA7": 49.64400448292254,
  "PEOE_VSA8": 16.64024761452685,
  "PEOE_VSA9": 10.14542150549995,
  "PEOE_VSA10": 13.182701149725663,
  "PEOE_VSA11": 0.0,
  "PEOE_VSA12": 0.0,
  "PEOE_VSA13": 0.0,
  "PEOE_VSA14": 0.0,
  "PMI1": 1405.6533659302293,
  "PMI2": 4205.554266448237,
  "NPR1": 0.24099290160126463,
  "SpherocityIndex": 0.15847858739079224
}